{
  "id": "killerdieks-killer-dice",
  "title": "KillerDiek's Killer Dice",
  "version": "0.1.0",
  "compatibility": {
    "minimum": "11",
    "verified": "11"
  },
  "relationships": {
    "requires": [
      {
        "id": "dice-so-nice",
        "type": "module",
        "compatibility": {}
      }
    ]
  },
  "description": "A package filled with custom dice presets and more for the Dice so Nice module by JDW",
  "authors": [
    {
      "name": "KillerDiek",
      "discord": "KillerDiek",
      "flags": {}
    }
  ],
  "esmodules": [
	  "modules/presets.js"
  ],
  "url": "https://github.com/KillerDiek/kds-kd",
  "manifest": "https://raw.githubusercontent.com/KillerDiek/kds-kd/main/module.json",
  "download": "https://github.com/KillerDiek/kds-kd/blob/main/downloads/kds-kd-v0.1.0.zip"
}
